hlk-photocard-sale-ayd-genshin-date	genshin	Photocard Genshin Date Series	-	Limited	10	Clearance
hlk-artprint-sale-enn-game-femaleposter	anime	Art Print Female Game Heroines Poster	-	Limited	8	Clearance
hlk-photocard-sale-ayd-genshin-bf	genshin	Photocard Genshin Boyfriend Series	-	Limited	15	Clearance
hlk-pick-sale-enn-bocchi-tr	anime	Guitar Pick Bocchi The Rock! Special	-	Limited	6	Clearance
hlk-photocard-sale-rd-anemo-boys	genshin	Photocard Anemo Boys Boyband Series	-	Limited	12	Clearance
hlk-photocard-sale-chkn-jujutsu-kaisen	anime	Photocard Jujutsu Kaisen Sorcerer Series	-	Limited	4	Clearance
hlk-sticker-tsn-bangaboo	zzz	Sticker Die-Cut Bangaboo ZZZ	-	Limited	7	Clearance
hlk-photocard-sale-tsn-genshin-chair	genshin	Photocard Genshin Sitting Chair Series	-	Limited	14	Clearance
hlk-ticket-sale-enn-kpop-demon-hunter	anime	Special Event Ticket Demon Hunter K-Pop Edition	-	Limited	5	Clearance
hlk-sticker-rd-ikan	original	Sticker Die-Cut Ikan Estetik RD	-	Limited	9	Clearance
hlk-sticker-tsn-zzz	zzz	Sticker Set Zenless Zone Zero Agents	-	Limited	11	Clearance
hlk-pas-foto-enn-genhsin	genshin	Pas Foto 3x4 Formal Teyvat Clinic ID	-	Limited	8	Clearance
hlk-keychain-tsn-zzz	zzz	Acrylic Keychain Zenless Zone Zero	-	Limited	12	Clearance
hlk-decacde-card-sale-enn-kamen-raider	kamen-rider	Decade Ride Card Kamen Rider Collection	-	Limited	6	Clearance
hlk-sticker-sale-rd-wriothesley	genshin	Sticker Die-Cut Wriothesley Duke of Meropide	-	Limited	10	Clearance
hlk-sticker-luki-dandadan	anime	Sticker Set Dandadan Chibi Spirits	-	Limited	7	Clearance
hlk-sticker-tsn-wuwa	wuwa	Sticker Die-Cut Wuthering Waves Resonators	-	Limited	15	Clearance
hlk-pin-sale-enn-umamusume	anime	Can Badge Pin Uma Musume Pretty Derby	-	Limited	4	Clearance
hlk-keychain-sale-dne-mihoyo	genshin	Keychain Mihoyo	-	Limited	8	Clearance
hlk-keychain-luki-dandadan	anime	Acrylic Keychain Dandadan Turbo Action	-	Limited	12	Clearance
hlk-sticker-sale-ayd-genshin	genshin	Sticker Genshin	-	Limited	5	Clearance
hlk-artprint-sale-chkn-mihoyo-bf	genshin	Print Mihoyo Bf	-	Limited	9	Clearance
hlk-sticker-sale-dne-suisei	vtuber	Sticker Die-Cut Hoshimachi Suisei Idol	-	Limited	14	Clearance
hlk-artprint-sale-ayd-genshin-bf	genshin	Art Print A5 Genshin Boyfriend Series	-	Limited	6	Clearance
hlk-photocard-sale-meru-genhsin	genshin	Photocard Genhsin	-	Limited	10	Clearance
hlk-keychain-sale-dne-suisei	vtuber	Acrylic Keychain Hoshimachi Suisei Stellar	-	Limited	7	Clearance
hlk-pin-sale-meru-genshin-male	genshin	Pin Genshin Male	-	Limited	11	Clearance
hlk-photocard-sale-enn-kamen-raider	kamen-rider	Photocard Kamen Rider Legend Series	-	Limited	8	Clearance
hlk-sticker-chkn-mie-ayam	original	Sticker Die-Cut Mie Ayam Abang-Abang	-	Limited	15	Clearance
hlk-sticker-meru-alien-stage	anime	Sticker Set Alien Stage Ivan & Till	-	Limited	4	Clearance
hlk-polaroid-dne-vtuber-mc-mihoyo	vtuber	Polaroid Vtuber Mc Mihoyo	-	Limited	6	Clearance
hlk-keychain-tsn-wuwa	wuwa	Acrylic Keychain Wuthering Waves	-	Limited	12	Clearance
hlk-keychain-sale-dne-vtuber	vtuber	Keychain Vtuber	-	Limited	8	Clearance
hlk-sticker-sale-tsn-kucing-jelek	original	Sticker Die-Cut Kucing Jelek Tapi Sayang	-	Limited	5	Clearance
hlk-artprint-dne-suisei-vtuber	vtuber	Art Print A5 Hoshimachi Suisei Concert Stage	-	Limited	10	Clearance
hlk-sticker-sale-dne-mihoyo	genshin	Sticker Mihoyo	-	Limited	9	Clearance
hlk-artprint-sale-meru-hsr	hsr	Art Print A5 Honkai Star Rail Astral Journey	-	Limited	7	Clearance
hlk-sticker-sale-rd-sumeru-barbie	genshin	Sticker Sumeru Barbie Alhaitham & Kaveh	-	Limited	14	Clearance
hlk-sticker-sale-ayd-aov	aov	Sticker Chibi Pack Arena of Valor	-	Limited	6	Clearance
hlk-keychain-tsn-httd-frosted__toothless	anime	Frosted Keychain How To Train Your Dragon	Toothless (Hitam / Kiri)	Limited	11	Clearance
hlk-keychain-tsn-httd-frosted__light-fury	anime	Frosted Keychain How To Train Your Dragon	Light Fury (Putih / Kanan)	Limited	8	Clearance
hlk-pin-sale-ayd-game-mc	anime	Can Badge Pin Game MC Protagonist	-	Limited	12	Clearance
hlk-keychain-tsn-bangaboo	zzz	Acrylic Keychain Bangaboo ZZZ	-	Limited	5	Clearance
hlk-sticker-chkn-genshin-hsr	genshin	Sticker Genshin Hsr	-	Limited	10	Clearance
hlk-photocard-sale-chkn-genshin-male	genshin	Photocard Genshin Male	-	Limited	7	Clearance
hlk-artprint-sale-dne-mihoyo-mc	genshin	Print Mihoyo Mc	-	Limited	15	Clearance
hlk-sticker-sale-rd-cynonari	genshin	Sticker Die-Cut Cyno & Tighnari Cynonari	-	Limited	8	Clearance
hlk-photocard-sale-rd-genshin-male	genshin	Photocard Genshin Male	-	Limited	10	Clearance
